date,vendor,product_type,product_name,pay_method,value,direction
2025-07-01,met,monthly_income,salary,card,534837,in
2025-07-01,met,monthly_income,fringe_benefit,nice,38793,in
2025-07-01,otp,fee,account,card,449,out
2025-07-01,melodin,eat_out,food,nice,2415,out
2025-07-01,spar,groceries,drink,card,149,out
2025-07-01,lidl,groceries,food,card,501,out
2025-07-01,mav,travel,train_ticket,card,3856,out
2025-07-02,cafe_frei,eat_out,coffee,card,750,out
2025-07-02,apple,fee,icloud,card,399,out
2025-07-02,lidl,groceries,food,card,1045,out
2025-07-02,melodin,eat_out,food,nice,1890,out
2025-07-05,muller,body_care,sunscreen,card,1800,out
2025-07-05,pajti,eat_out,coffee,card,1300,out
2025-07-05,coop,groceries,alcohol,card,2297,out
2025-07-05,coop,groceries,drink,card,480,out
2025-07-05,coop,groceries,alcohol,card,1988,out
2025-07-06,otp,fee,account,card,225,out
2025-07-06,peking_aruhaz,groceries,drink,card,700,out
2025-07-07,muveszetek_volgye,fee,festival_ticket,nice,45000,out
2025-07-07,otp,fee,transfer,card,1200,out
2025-07-07,mav,travel,train_ticket,card,3856,out
2025-07-08,bkk,travel,line_ticket,card,500,out
2025-07-09,melodin,eat_out,food,nice,2485,out
2025-07-09,landlord,fee,flat_rent,cash,201235,out
2025-07-09,spar,groceries,food,card,1798,out
2025-07-09,dm,house_care,detergent,card,1375,out
2025-07-10,melodin,eat_out,food,nice,1799,out
2025-07-10,spar,groceries,food,card,827,out
2025-07-11,melodin,eat_out,food,nice,2799,out
2025-07-11,mav,travel,train_ticket,card,3856,out
2025-07-11,lidl,groceries,food,card,1385,out
2025-07-12,bkk,travel,line_ticket,card,500,out
2025-07-12,lipoti_pekseg,eat_out,coffee,card,590,out
2025-07-12,z__langosdaja,eat_out,food,cash,2300,out
2025-07-12,euro_sarok,body_care,deodorant,card,1500,out
2025-07-12,euro_sarok,groceries,drink,card,1000,out
2025-07-12,prima,groceries,alcohol,cash,2020,out
2025-07-13,otp,fee,transfer,card,333,out
2025-07-13,bringatanya,eat_out,ice_cream,card,2050,out
2025-07-13,caravan_camping,eat_out,alcohol,card,800,out
2025-07-14,mav,travel,train_ticket,card,3856,out
2025-07-14,bkk,travel,line_ticket,card,500,out
2025-07-15,melodin,eat_out,food,nice,2380,out
2025-07-15,kislumen,eat_out,drink,card,1150,out
2025-07-15,lidl,groceries,food,card,1378,out
2025-07-16,melodin,eat_out,food,nice,2834,out
2025-07-16,pizza_manufaktura,eat_out,food,card,3401,out
2025-07-17,melodin,eat_out,food,nice,2287,out
2025-07-17,spar,groceries,food,card,1746,out
2025-07-17,dm,body_care,razor_heads,card,13185,out
2025-07-17,dm,body_care,toothbrush,card,1465,out
2025-07-17,dm,groceries,food,card,769,out
2025-07-17,mav,travel,train_ticket,card,3856,out
2025-07-17,bkk,travel,line_ticket,card,500,out
2025-07-18,melodin,eat_out,food,nice,2385,out
2025-07-18,melodin,eat_out,food,card,490,out
2025-07-19,rossmann,body_care,wet_wipes,card,479,out
2025-07-19,muller,body_care,shower_gel,card,1300,out
2025-07-19,muller,groceries,food,card,3810,out
2025-07-19,spar,groceries,food,cash,12000,out
2025-07-19,spar,groceries,alcohol,cash,8000,out
2025-07-19,spar,groceries,food,card,848,out
2025-07-19,lidl,groceries,alcohol,card,7000,out
2025-07-19,lidl,groceries,food,card,6045,out
2025-07-20,omv,travel,gasoline,cash,15005,out
2025-07-20,muveszetek_volgye,fee,camping_rent,cash,15000,out
2025-07-20,muveszetek_volgye,eat_out,alcohol,card,1350,out
2025-07-20,muveszetek_volgye,eat_out,alcohol,card,1390,out
2025-07-21,muveszetek_volgye,eat_out,alcohol,card,1500,out
2025-07-21,muveszetek_volgye,eat_out,alcohol,card,750,out
2025-07-21,muveszetek_volgye,eat_out,alcohol,card,2180,out
2025-07-21,muveszetek_volgye,fee,toilet_use,card,400,out
2025-07-21,muveszetek_volgye,eat_out,alcohol,card,1490,out
2025-07-21,muveszetek_volgye,eat_out,food,card,1950,out
2025-07-23,muveszetek_volgye,eat_out,food,cash,1500,out
2025-07-23,muveszetek_volgye,eat_out,alcohol,card,2100,out
2025-07-24,muveszetek_volgye,eat_out,coffee,card,1600,out
2025-07-24,muveszetek_volgye,fee,toilet_use,card,300,out
2025-07-24,muveszetek_volgye,eat_out,alcohol,card,800,out
2025-07-24,muveszetek_volgye,fee,toilet_use,cash,400,out
2025-07-24,muveszetek_volgye,eat_out,alcohol,card,800,out
2025-07-25,muveszetek_volgye,eat_out,drink,card,400,out
2025-07-25,muveszetek_volgye,eat_out,coffee,card,1000,out
2025-07-25,muveszetek_volgye,fee,toilet_use,card,400,out
2025-07-25,muveszetek_volgye,eat_out,food,card,4500,out
2025-07-25,muveszetek_volgye,eat_out,alcohol,card,1800,out
2025-07-25,muveszetek_volgye,eat_out,alcohol,card,4260,out
2025-07-26,muveszetek_volgye,eat_out,food,card,3455,out
2025-07-26,muveszetek_volgye,eat_out,coffee,cash,600,out
2025-07-26,muveszetek_volgye,fee,festival_ticket,card,13500,out
2025-07-26,muveszetek_volgye,groceries,food,cash,657,out
2025-07-26,muveszetek_volgye,eat_out,food,card,4675,out
2025-07-26,muveszetek_volgye,eat_out,alcohol,card,2350,out
2025-07-26,muveszetek_volgye,eat_out,alcohol,card,1600,out
2025-07-27,muveszetek_volgye,eat_out,alcohol,card,1890,out
2025-07-27,muveszetek_volgye,eat_out,food,cash,2000,out
2025-07-27,muveszetek_volgye,eat_out,coffee,cash,600,out
2025-07-27,muveszetek_volgye,fee,camping_rent,cash,6000,out
2025-07-28,mol_bubi,fee,monthly_pass,card,1500,out
2025-07-28,spotify,fee,monthly_pass,card,1990,out
2025-07-28,muveszetek_volgye,fee,recups,card,3000,in
2025-07-30,coop,groceries,drink,card,249,out
2025-07-30,mav,travel,train_ticket,card,3856,out
2025-07-31,komaromy_pekseg,eat_out,bakery,card,873,out
2025-07-31,bkk,travel,county_pass,card,9450,out
2025-08-01,met,monthly_income,salary,card,538347,in
2025-08-01,met,monthly_income,fringe_benefit,nice,38793,in
2025-08-01,lipoti_pekseg,eat_out,bakery,card,390,out
2025-08-01,melodin,eat_out,food,nice,2230,out
2025-08-01,rund,eat_out,alcohol,card,1375,out
2025-08-01,rund,eat_out,alcohol,card,2750,out
2025-08-01,rund,eat_out,alcohol,card,2750,out
2025-08-02,apple,fee,icloud,card,399,out
2025-08-02,lidl,groceries,food,card,6507,out
2025-08-03,addicted2caffeine,eat_out,coffee,card,1490,out
2025-08-03,mikrokosmos,eat_out,ice_cream,card,1400,out
2025-08-04,lipoti_pekseg,eat_out,bakery,card,490,out
2025-08-04,spar,groceries,food,card,369,out
2025-08-04,lidl,groceries,food,card,3395,out
2025-08-05,melodin,eat_out,food,nice,2645,out
2025-08-05,lidl,groceries,food,card,2276,out
2025-08-05,aldi,groceries,drink,card,939,out
2025-08-06,manna_abc,groceries,snack,card,998,out
2025-08-06,melodin,eat_out,food,nice,2857,out
2025-08-06,kfc,eat_out,food,nice,3990,out
2025-08-07,melodin,eat_out,food,nice,1989,out
2025-08-07,lipoti_pekseg,eat_out,bakery,card,990,out
2025-08-07,lidl,groceries,food,card,4485,out
2025-08-08,addicted2caffeine,eat_out,coffee,card,1490,out
2025-08-08,bestbyte,body_care,beard_trimmer,card,24999,out
2025-08-08,spar,groceries,food,card,11617,out
2025-08-09,manna_abc,groceries,alcohol,card,3200,out
2025-08-09,manna_abc,groceries,snack,card,1244,out
2025-08-09,manna_abc,groceries,alcohol,card,1278,out
2025-08-09,manna_abc,groceries,snack,card,1118,out
2025-08-10,ket_rombusz,eat_out,coffee,card,1200,out
2025-08-10,ket_rombusz,eat_out,pancake,card,2100,out
2025-08-10,romai_part,eat_out,ice_cream,card,1190,out
2025-08-10,akciopont,groceries,snack,card,1398,out
2025-08-10,otp,fee,transfer,card,1955,out
2025-08-11,melodin,eat_out,food,nice,2592,out
2025-08-12,melodin,eat_out,food,nice,2433,out
2025-08-12,landlord,fee,flat_rent,cash,201624,out
2025-08-12,mav,travel,train_ticket,card,3856,out
2025-08-13,isparta_doner,eat_out,food,card,1799,out
2025-08-13,lipoti_pekseg,eat_out,coffee,card,890,out
2025-08-13,mav,fee,train_ticket,card,1929,in
2025-08-14,otp,fee,transfer,card,333,out
2025-08-15,lidl,groceries,food,card,8240,out
2025-08-15,zoldhangya_sarki_bolt,groceries,food,cash,3610,out
2025-08-15,spar,groceries,food,card,2596,out
2025-08-16,friend,groceries,contribution,cash,15000,in
2025-08-16,keszthelyi_piac,groceries,food,cash,5800,out
2025-08-16,madarlatta_pekseg,eat_out,bakery,card,2540,out
2025-08-18,kormanyablak,fee,issue_document,card,3700,out
2025-08-18,kocsag_sutibolt,eat_out,cake,card,1030,out
2025-08-18,csikos_cba,groceries,drink,card,199,out
2025-08-18,zoldhangya_sarki_bolt,groceries,food,cash,1080,out
2025-08-19,spar,body_care,shower_gel,cash,1190,out
2025-08-19,friend,groceries,contribution,cash,3110,out
2025-08-20,sumegtress,eat_out,alcohol,card,1000,out
2025-08-20,sumegtress,eat_out,drink,card,1000,out
2025-08-20,marci,eat_out,ice_cream,card,1500,out
2025-08-21,komaromy_pekseg,groceries,food,card,1220,out
2025-08-21,lidl,groceries,food,card,1827,out
2025-08-26,mav,travel,train_ticket,card,3856,out
2025-08-28,melodin,eat_out,food,nice,2645,out
2025-08-28,mol_bubi,fee,monthly_pass,card,1500,out
2025-08-28,prima,groceries,drink,card,1049,out
2025-08-28,bamba_marha_burger_bar,eat_out,food,card,4771,out
2025-08-29,melodin,eat_out,food,nice,3455,out
2025-08-29,lidl,groceries,food,card,4687,out
2025-08-30,kelet_kavezo_es_galeria,eat_out,coffee,card,1540,out
2025-08-30,lidl,groceries,food,card,4005,out
2025-08-30,bartok_delikat,groceries,drink,card,490,out
2025-08-31,vaj,eat_out,coffee,card,1590,out
2025-08-31,vaj,eat_out,bakery,card,2590,out
2025-08-31,jysk,house_care,candle,card,1250,out
2025-08-31,dm,body_care,hair_wax,cash,4600,out
2025-08-31,corvin_plaza,fee,toilet_use,card,200,out
2025-08-31,lidl,groceries,food,card,2248,out
2025-09-01,met,monthly_income,salary,card,551897,in
2025-09-01,met,monthly_income,fringe_benefit,nice,38793,in
2025-09-01,melodin,eat_out,food,nice,2333,out
2025-09-01,spar,groceries,snack,card,1277,out
2025-09-02,smoothie_sanctuary,eat_out,food,nice,4000,out
2025-09-02,melodin,eat_out,food,nice,2333,out
2025-09-02,apple,fee,icloud,card,399,out
2025-09-03,muvhaz_kavezo,eat_out,coffee,card,924,out
2025-09-03,melodin,eat_out,food,nice,2336,out
2025-09-05,pajti,eat_out,food,nice,9000,out
2025-09-06,lidl,groceries,food,card,3096,out
2025-09-07,otp,fee,account,card,255,out
2025-09-11,mav,travel,train_ticket,card,4179,out
2025-09-11,bkk,travel,county_pass,card,9450,out
2025-09-11,lidl,groceries,food,card,4566,out
2025-09-12,heureka_original_greek_food,eat_out,food,nice,4440,out
2025-09-12,heureka_original_greek_food,eat_out,drink,card,630,out
2025-09-12,lidl,groceries,food,card,2992,out
2025-09-13,mol_bubi,fee,late_return,card,50,out
2025-09-13,harom_tarka_macska,eat_out,coffee,card,1290,out
2025-09-13,harom_tarka_macska,eat_out,bakery,nice,2950,out
2025-09-13,manna_abc,groceries,snack,cash,3200,out
2025-09-13,dolce_fantasia_gelateria_italiana,eat_out,ice_cream,cash,2050,out
2025-09-14,dm,house_care,detergent,card,1894,out
2025-09-14,spar,groceries,food,card,15856,out
2025-09-14,lidl,groceries,food,card,2547,out
2025-09-14,lumen,eat_out,drink,card,1500,out
2025-09-15,spar,groceries,food,card,287,out
2025-09-15,landlord,fee,flat_rent,cash,202109,out
2025-09-16,melodin,eat_out,food,nice,3491,out
2025-09-17,melodin,eat_out,food,nice,2857,out
2025-09-17,cba,groceries,food,card,869,out
2025-09-17,lidl,groceries,food,card,4802,out
2025-09-18,spar,groceries,food,card,6971,out
2025-09-18,qq_express,groceries,food,card,1649,out
2025-09-19,pekmuhely_bartok,eat_out,bakery,card,3970,out
2025-09-19,bartok_delikat,groceries,drink,card,900,out
2025-09-19,heureka_original_greek_food,eat_out,food,nice,6670,out
2025-09-19,pro_vita,groceries,food,card,2300,out
2025-09-19,spar,groceries,alcohol,card,6398,out
2025-09-19,spar,groceries,snack,card,2146,out
2025-09-19,nts,groceries,alcohol,card,3600,out
2025-09-20,aran_bakery,groceries,food,card,1190,out
2025-09-20,spar,groceries,drink,card,949,out
2025-09-20,repont,fee,recups,card,650,in
2025-09-20,lidl,groceries,food,card,5497,out
2025-09-20,aldi,groceries,alcohol,card,11546,out
2025-09-20,ticketswap,fee,entry_ticket,card,3399,out
2025-09-20,turbina,eat_out,alcohol,card,2350,out
2025-09-20,richie_s_burger,eat_out,food,card,3000,out
2025-09-20,kfc,eat_out,cake,cash,2680,out
2025-09-20,karimi_gyros,eat_out,cake,card,1400,out
2025-09-21,spar,groceries,drink,card,249,out
2025-09-21,piknik_kert,eat_out,coffee,card,750,out
2025-09-21,piknik_kert,eat_out,food,card,3890,out
2025-09-22,mol_bubi,fee,late_return,card,5000,out
2025-09-22,melodin,eat_out,food,nice,2740,out
2025-09-22,smashy_burger,eat_out,food,nice,2580,out
2025-09-22,fecske_presszo,eat_out,drink,card,1419,out
2025-09-23,melodin,eat_out,food,nice,2611,out
2025-09-23,spar,groceries,food,card,4974,out
2025-09-23,dm,groceries,food,card,2898,out
2025-09-24,flow_boulder,fee,entry_ticket,nice,4790,out
2025-09-24,nts,groceries,drink,card,449,out
2025-09-25,melodin,eat_out,food,nice,3537,out
2025-09-25,spar,groceries,food,card,808,out
2025-09-25,dm,groceries,snack,card,838,out
2025-09-25,spar,groceries,food,card,2448,out
2025-09-25,mav,travel,train_ticket,card,5129,out
2025-09-26,addicted2caffeine,eat_out,coffee,card,1490,out
2025-09-26,nts,groceries,drink,card,449,out
2025-09-26,belfrit,eat_out,food,card,3290,out
2025-09-26,lipoti_pekseg,eat_out,bakery,card,1430,out
2025-09-27,jutka,body_care,haircut,cash,4000,out
2025-09-27,sutibarlang,eat_out,cake,card,3100,out
2025-09-28,mav,travel,train_ticket,card,5129,out
2025-09-28,sztupa,house_care,incense,cash,3800,out
2025-09-28,mol_bubi,fee,monthly_pass,card,1500,out
2025-09-28,spotify,fee,monthly_pass,card,2190,out
2025-09-29,melodin,eat_out,food,nice,3123,out
2025-09-29,indigo_express,eat_out,cake,card,1980,out
2025-09-30,melodin,eat_out,food,nice,3483,out
2025-09-30,spar,groceries,food,card,209,out
2025-10-01,met,monthly_income,salary,card,538632,in
2025-10-01,met,monthly_income,fringe_benefit,nice,38793,in
2025-10-01,otp,fee,account,card,449,out
2025-10-01,melodin,eat_out,food,nice,2022,out
2025-10-01,fless_buda,fee,entry_ticket,nice,4300,out
2025-10-01,roni_abc,groceries,snack,card,3168,out
2025-10-01,roni_abc,groceries,drink,card,1333,out
2025-10-02,melodin,eat_out,food,nice,2955,out
2025-10-02,aldi,groceries,food,card,849,out
2025-10-02,spar,groceries,alcohol,card,1009,out
2025-10-02,karimi_gyros,eat_out,cake,cash,4200,out
2025-10-03,melodin,eat_out,food,nice,2131,out
2025-10-03,fovarosi_szabo_ervin_konyvtar,fee,yearly_pass,card,10000,out
2025-10-03,richie_s_burger,eat_out,food,nice,4600,out
2025-10-04,aran_bakery,groceries,food,card,1190,out
2025-10-04,repont,fee,recups,card,450,in
2025-10-04,lidl,groceries,food,card,6885,out
2025-10-04,kelet_kavezo_es_galeria,eat_out,coffee,nice,1568,out
2025-10-04,family_shop,groceries,drink,card,249,out
2025-10-04,lumen,eat_out,coffee,card,1650,out
2025-10-04,euro_diszkont,groceries,drink,card,250,out
2025-10-05,lidl,groceries,food,card,3167,out
2025-10-05,heureka_original_greek_food,eat_out,food,card,1950,out
2025-10-05,lidl,groceries,snack,card,1727,out
2025-10-05,otp,fee,account,card,225,out
2025-10-06,melodin,eat_out,food,nice,2835,out
2025-10-06,dm,body_care,deodorant,card,1289,out
2025-10-06,dm,groceries,food,card,1299,out
2025-10-06,spar,groceries,food,card,2927,out
2025-10-07,melodin,eat_out,food,nice,2700,out
2025-10-07,corvin_plaza,fee,toilet_use,card,200,out
2025-10-07,lidl,groceries,food,card,1218,out
2025-10-08,bellozzo,eat_out,food,card,2510,out
2025-10-08,lidl,groceries,food,card,2277,out
2025-10-09,lipoti_pekseg,eat_out,bakery,card,490,out
2025-10-09,melodin,eat_out,food,nice,2413,out
2025-10-09,spar,groceries,food,card,626,out
2025-10-09,landlord,fee,flat_rent,cash,204300,out
2025-10-09,spar,groceries,food,card,4294,out
2025-10-09,mav,travel,train_ticket,card,5129,out
2025-10-10,lidl,groceries,food,card,118,out
2025-10-10,brucker_pekseg,groceries,food,card,250,out
2025-10-10,lipoti_pekseg,eat_out,bakery,card,990,out
2025-10-10,otp,fee,transfer,card,1955,out
2025-10-11,prima,groceries,drink,card,5374,out
2025-10-12,friend,groceries,contribution,cash,5000,in
2025-10-12,mav,travel,train_ticket,card,3239,out
2025-10-12,bkk,travel,monthly_pass,card,9450,out
2025-10-13,lipoti_pekseg,eat_out,bakery,card,590,out
2025-10-13,melodin,eat_out,food,nice,1799,out
2025-10-13,spar,groceries,food,card,158,out
2025-10-13,lidl,groceries,food,card,3539,out
2025-10-14,melodin,eat_out,food,nice,2328,out
2025-10-14,lidl,groceries,food,card,1460,out
2025-10-15,lipoti_pekseg,eat_out,bakery,card,490,out
2025-10-15,melodin,eat_out,food,nice,2967,out
2025-10-15,corvin_plaza,fee,toilet_use,card,200,out
2025-10-15,prima,groceries,food,card,1681,out
2025-10-16,lidl,groceries,food,card,2117,out
2025-10-16,melodin,eat_out,food,nice,1746,out
2025-10-16,mol_bubi,fee,late_return,card,5000,in
2025-10-16,otp,fee,transfer,card,333,out
2025-10-16,smashy_burger,eat_out,food,nice,2580,out
2025-10-17,spar,groceries,food,card,130,out
2025-10-17,melodin,eat_out,food,nice,2788,out
2025-10-17,spar,groceries,food,card,79,out
2025-10-17,aldi,groceries,alcohol,card,3904,out
2025-10-17,kfc,eat_out,food,nice,2480,out
2025-10-18,lipoti_pekseg,eat_out,bakery,card,353,out
2025-10-18,starbucks,eat_out,coffee,card,2210,out
2025-10-18,ryan_market,groceries,drink,card,500,out
2025-10-18,moto_pizza_bartok,eat_out,food,nice,4040,out
2025-10-18,spar,groceries,food,card,2148,out
2025-10-19,aran_bakery,groceries,food,card,750,out
2025-10-19,kelet_kavezo_es_galeria,eat_out,coffee,nice,1568,out
2025-10-19,lidl,groceries,food,card,3432,out
2025-10-20,lipoti_pekseg,eat_out,bakery,card,490,out
2025-10-20,melodin,eat_out,food,nice,1970,out
2025-10-20,spar,groceries,food,card,1880,out
2025-10-21,melodin,eat_out,food,nice,2753,out
2025-10-21,spar,groceries,drink,card,299,out
2025-10-21,spar,groceries,food,card,5711,out
2025-10-22,melodin,eat_out,food,nice,2437,out
2025-10-22,mav,travel,train_ticket,card,3856,out
2025-10-23,las_vegan_s,eat_out,food,card,5280,out
2025-10-23,emily_eclair,eat_out,coffee,card,1490,out
2025-10-24,pajti,eat_out,coffee,card,5900,out
2025-10-26,mav,travel,train_ticket,card,4179,out
2025-10-26,otp,fee,transfer,card,750,out
2025-10-27,melodin,eat_out,food,nice,2281,out
2025-10-27,lidl,groceries,food,card,4743,out
2025-10-28,melodin,eat_out,food,nice,3530,out
2025-10-28,mol_bubi,fee,monthly_pass,card,1500,out
2025-10-28,nts,groceries,drink,card,369,out
2025-10-28,spar,groceries,drink,card,1428,out
2025-10-28,spotify,fee,monthly_pass,card,2190,out
2025-10-29,melodin,eat_out,food,nice,2413,out
2025-10-29,spar,groceries,food,cash,5858,out
2025-10-30,bamba_marha_burger_bar,eat_out,food,nice,5031,out
2025-10-31,coffee_roy_allee,eat_out,coffee,card,1450,out
2025-10-31,mav,travel,train_ticket,card,3856,out
2025-10-31,mcdonalds,eat_out,food,card,2850,out
2025-10-31,nts,groceries,drink,card,440,out
2025-11-01,otp,fee,account,card,449,out
2025-11-01,gellert_pekseg,eat_out,bakery,card,650,out
2025-11-01,tejmadar_etele,eat_out,coffee,cash,950,out
2025-11-01,ven_bakter_sorozo,eat_out,coffee,cash,1300,out
2025-11-02,apple,fee,icloud,card,399,out
2025-11-03,met,monthly_income,salary,card,544516,in
2025-11-03,met,monthly_income,fringe_benefit,nice,38793,in
2025-11-03,mav,travel,train_ticket,card,4179,out
2025-11-04,melodin,eat_out,food,nice,2940,out
2025-11-04,ht_market,groceries,drink,card,940,out
2025-11-04,kfc,eat_out,food,nice,1980,out
2025-11-05,melodin,eat_out,food,nice,1363,out
2025-11-05,lidl,groceries,food,card,16816,out
2025-11-06,melodin,eat_out,food,nice,2536,out
2025-11-06,spar,groceries,food,card,2929,out
2025-11-07,aldi,groceries,snack,card,898,out
2025-11-08,dam_specialty_kavezo,eat_out,coffee,card,1450,out
2025-11-08,jysk,house_care,towel,card,5500,out
2025-11-08,spar,groceries,food,card,7804,out
2025-11-09,spar,groceries,food,card,639,out
2025-11-10,melodin,eat_out,food,nice,2002,out
2025-11-10,landlord,fee,flat_rent,cash,207920,out
2025-11-11,lipoti_pekseg,eat_out,bakery,card,490,out
2025-11-11,indigo_express,eat_out,food,nice,3990,out
2025-11-11,dm,groceries,food,card,2199,out
2025-11-11,dm,groceries,snack,card,839,out
2025-11-11,dm,house_care,detergent,card,1329,out
2025-11-11,spar,groceries,drink,card,1129,out
2025-11-11,spar,groceries,food,card,299,out
2025-11-12,melodin,eat_out,food,nice,2897,out
2025-11-12,lidl,groceries,food,card,1665,out
2025-11-13,aran_bakery,groceries,food,card,750,out
2025-11-13,spar,groceries,food,card,2688,out
2025-11-13,spar,house_care,toilet_paper,card,4228,out
2025-11-13,spar,groceries,snack,card,599,out
2025-11-14,addicted2caffeine,eat_out,coffee,card,1490,out
2025-11-14,bkk,travel,monthly_pass,card,9450,out
2025-11-14,fini_z_smash_burger,eat_out,food,card,2444,out
2025-11-14,manna_abc,groceries,alcohol,card,2871,out
2025-11-15,gosip_bar,eat_out,alcohol,card,1100,out
2025-11-15,gosip_bar,eat_out,alcohol,cash,5380,out
2025-11-15,gosip_bar,eat_out,alcohol,cash,2270,out
2025-11-15,manna_abc,groceries,snack,card,4442,out
2025-11-15,kelet_kavezo_es_galeria,eat_out,coffee,card,1400,out
2025-11-15,lidl,groceries,food,card,999,out
2025-11-15,amore_di_napoli,eat_out,food,card,11807,out
2025-11-16,lidl,groceries,food,card,5487,out
2025-11-16,aran_bakery,groceries,food,card,750,out
2025-11-16,dm,body_care,shaving_cream,card,905,out
2025-11-16,dm,body_care,vitamins,card,2399,out
2025-11-16,jysk,house_care,felt_pads,card,1000,out
2025-11-16,spar,groceries,drink,card,1099,out
2025-11-16,coffee_roy_allee,eat_out,coffee,card,1450,out
2025-11-16,nts,groceries,drink,card,610,out
2025-11-17,melodin,eat_out,food,nice,2725,out
2025-11-17,spar,groceries,snack,card,679,out
2025-11-18,lipoti_pekseg,eat_out,bakery,card,490,out
2025-11-18,dam_specialty_kavezo,eat_out,coffee,card,990,out
2025-11-18,melodin,eat_out,food,nice,3614,out
2025-11-18,spar,groceries,snack,card,2251,out
2025-11-19,melodin,eat_out,food,nice,2539,out
2025-11-20,lipoti_pekseg,eat_out,bakery,card,990,out
2025-11-20,lidl,groceries,snack,card,1268,out
2025-11-21,addicted2caffeine,eat_out,coffee,card,1050,out
2025-11-22,spar,groceries,food,card,5991,out
2025-11-22,spar,house_care,soap,card,1218,out
2025-11-22,lidl,groceries,alcohol,card,1349,out
2025-11-22,lidl,groceries,cake,card,769,out
2025-11-22,lidl,groceries,food,card,5002,out
2025-11-23,spar,groceries,food,card,805,out
2025-11-24,melodin,eat_out,food,nice,2614,out
2025-11-25,spar,groceries,food,card,5286,out
2025-11-26,lidl,groceries,food,card,3423,out
2025-11-26,manna_abc,groceries,alcohol,card,2206,out
2025-11-27,mav,travel,train_ticket,card,3856,out
2025-11-28,lipoti_pekseg,eat_out,bakery,card,490,out
2025-11-28,emily_eclair,eat_out,coffee,card,1490,out
2025-11-28,jutka,body_care,haircut,cash,10000,out
2025-11-29,prima,groceries,food,card,1690,out
2025-11-29,friend,groceries,contribution,cash,1210,in
2025-11-30,mav,travel,train_ticket,card,4179,out
2025-12-01,met,monthly_income,salary,card,546107,in
2025-12-01,met,monthly_income,fringe_benefit,nice,38793,in
2025-12-01,spar,groceries,food,card,836,out
2025-12-02,lipoti_pekseg,eat_out,bakery,card,450,out
2025-12-02,melodin,eat_out,food,nice,2010,out
2025-12-02,apple,fee,icloud,card,399,out
2025-12-02,dm,groceries,food,card,2500,out
2025-12-02,dm,body_care,shower_gel,card,3180,out
2025-12-02,dm,body_care,shampoo,card,3180,out
2025-12-03,spar,groceries,food,card,3033,out
2025-12-03,toldi_mozi,eat_out,snack,card,2160,out
2025-12-04,melodin,eat_out,food,nice,2488,out
2025-12-04,spar,groceries,food,card,781,out
2025-12-04,lidl,groceries,cake,card,590,out
2025-12-05,aran_bakery,groceries,food,card,750,out
2025-12-05,zoldseg_gyumolcs,groceries,food,card,282,out
2025-12-05,lidl,groceries,alcohol,card,2049,out
2025-12-05,lidl,groceries,cake,card,1198,out
2025-12-05,lidl,groceries,food,card,404,out
2025-12-06,manna_abc,groceries,snack,card,1448,out
2025-12-06,manna_abc,groceries,drink,card,399,out
2025-12-06,mesopotamia,eat_out,food,card,3700,out
2025-12-06,kelet_kavezo_es_galeria,eat_out,tea,card,1075,out
2025-12-06,kelet_kavezo_es_galeria,eat_out,cake,card,1400,out
2025-12-07,spar,groceries,food,card,5765,out
2025-12-07,szeraj,eat_out,food,nice,3200,out
2025-12-08,lipoti_pekseg,eat_out,bakery,card,450,out
2025-12-08,melodin,eat_out,food,nice,2434,out
2025-12-08,lidl,groceries,food,card,3081,out
2025-12-09,melodin,eat_out,food,nice,2169,out
2025-12-09,manna_abc,groceries,alcohol,card,1548,out
2025-12-09,manna_abc,groceries,snack,card,2948,out
2025-12-10,spar,groceries,drink,card,949,out
2025-12-10,spar,groceries,coffee,card,1999,out
2025-12-11,lipoti_pekseg,eat_out,bakery,card,490,out
2025-12-11,melodin,eat_out,food,nice,2074,out
2025-12-11,spar,groceries,food,card,1069,out
2025-12-11,otp,fee,transfer,card,1597,out
2025-12-12,lidl,groceries,food,card,6860,out
2025-12-12,ryan_market,groceries,drink,card,230,out
2025-12-12,docstomiyoga,fee,entry_ticket,cash,4500,out
2025-12-12,guri_serhaz,eat_out,alcohol,cash,1500,out
2025-12-12,kek_lo,eat_out,alcohol,card,4050,out
2025-12-12,kek_lo,eat_out,alcohol,card,2200,out
2025-12-13,spar,groceries,drink,card,949,out
2025-12-13,lidl,groceries,food,card,1599,out
2025-12-13,eker,eat_out,food,card,2090,out
2025-12-13,manna_abc,groceries,alcohol,card,2446,out
2025-12-13,manna_abc,groceries,snack,card,1149,out
2025-12-13,manna_abc,groceries,snack,card,2248,out
2025-12-13,manna_abc,groceries,drink,card,449,out
2025-12-14,lidl,groceries,food,card,5140,out
2025-12-15,melodin,eat_out,food,nice,2748,out
2025-12-15,bkv,travel,monthly_pass,card,9450,out
2025-12-16,melodin,eat_out,food,nice,2944,out
2025-12-17,roni_abc,groceries,snack,card,2699,out
2025-12-17,met,monthly_income,fringe_benefit,nice,38793,in
2025-12-17,kelet_kavezo_es_galeria,eat_out,coffee,nice,2520,out
2025-12-17,spar,groceries,food,card,6561,out
2025-12-18,kaffeine_espresso_bar,eat_out,coffee,card,1300,out
2025-12-18,kaffeine_espresso_bar,eat_out,drink,card,1250,out
2025-12-18,eker,eat_out,food,card,2090,out
2025-12-18,spar,groceries,alcohol,card,749,out
2025-12-19,muvhaz_kavezo,eat_out,coffee,nice,1568,out
2025-12-19,muvhaz_kavezo,eat_out,food,nice,3808,out
2025-12-19,docstomiyoga,fee,entry_ticket,cash,4500,out
2025-12-19,manyi_kulturalis_muhely,eat_out,alcohol,card,1300,out
2025-12-19,manyi_kulturalis_muhely,eat_out,alcohol,card,2300,out
2025-12-19,manyi_kulturalis_muhely,eat_out,alcohol,cash,1500,out
2025-12-19,heureka_original_greek_food,eat_out,food,nice,1890,out
2025-12-19,heureka_original_greek_food,eat_out,cake,nice,850,out
2025-12-19,heureka_original_greek_food,eat_out,drink,card,700,out
2025-12-19,heureka_original_greek_food,eat_out,cake,card,890,out
2025-12-20,tejmadar_etele,eat_out,coffee,cash,1000,out
2025-12-20,ryan_market,groceries,drink,card,990,out
2025-12-20,spar,groceries,snack,card,2878,out
2025-12-21,kelet_kavezo_es_galeria,eat_out,coffee,nice,1568,out
2025-12-21,mav,travel,train_ticket,card,4400,out
2025-12-21,fornetti,eat_out,bakery,card,238,out
2025-12-21,apple,fee,icloud,card,1123,out
2025-12-21,mav,fee,train_ticket,card,2200,in
2025-12-24,anizs,eat_out,alcohol,card,13131,out
2025-12-24,anizs,eat_out,food,card,2500,out
2025-12-28,muller,groceries,food,cash,1395,out
2025-12-28,lidl,groceries,food,card,1100,out
2025-12-28,lidl,groceries,food,card,1497,out
2025-12-28,spotify,fee,monthly_pass,card,2190,out
2025-12-31,mav,travel,train_ticket,card,4400,out
2025-12-31,vintage_beauty,body_care,cream,cash,20000,out
